<manifest><control namespace="AttachmentControlPCF" constructor="AttachmentControl" version="1.2.1" display-name-key="AttachmentControl" description-key="AttachmentControl description" control-type="virtual" api-version="1.3.12"><external-service-usage enabled="false" /><property name="Files" display-name-key="Files" of-type="SingleLine.Text" usage="output" /><property name="Theme" display-name-key="Theme" of-type="Multiple" usage="input" required="false" /><property name="maxNumberOfFiles" display-name-key="Max Number of Files" description-key="Max Number of Files Description" of-type="Whole.None" usage="input" required="true" /><property name="maxFileSize" display-name-key="Max File Size" description-key="Max File Size Description" of-type="Decimal" usage="input" required="true" /><property name="maxTotalSize" display-name-key="Max Total Size" description-key="Max Total Size Description" of-type="Decimal" usage="input" required="true" /><property name="fileContainerHeight" display-name-key="File Container Height (px)" description-key="File Container Height Description" of-type="Whole.None" usage="input" required="true" /><property name="resetControl" display-name-key="Reset Control" description-key="Reset Control" of-type="TwoOptions" usage="input" required="true" default-value="False" /><property name="inputFormat" display-name-key="Input Format" description-key="Input Format Description" of-type="Enum" usage="input" required="true" default-value="base64"><value name="binary" display-name-key="Binary" description-key="Binary format">binary</value><value name="base64" display-name-key="Base64" description-key="Base64 format">base64</value></property><property name="outputFormat" display-name-key="Output Format" description-key="Output Format Description" of-type="Enum" usage="input" required="true" default-value="base64"><value name="binary" display-name-key="Binary" description-key="Binary format">binary</value><value name="base64" display-name-key="Base64" description-key="Base64 format">base64</value></property><data-set name="AllowedFileTypes" display-name-key="Allowed File Types"><property-set name="DisplayName" display-name-key="Display Name" of-type="SingleLine.Text" usage="bound" required="true" /><property-set name="FileType" display-name-key="File Type" of-type="SingleLine.Text" usage="bound" required="true" /></data-set><data-set name="DefaultFiles" display-name-key="DefaultFiles"><property-set name="FileName" display-name-key="FileName" of-type="SingleLine.Text" usage="bound" required="true" /><property-set name="FileContent" display-name-key="FileContent" of-type="SingleLine.Text" usage="bound" required="true" /></data-set><resources><code path="bundle.js" order="1" /><css path="Styles/Styles.css" order="1" /><platform-library name="React" version="16.8.6" /><platform-library name="Fluent" version="8.29.0" /></resources><built-by name="pac" version="1.31.2" /></control></manifest>